לָלֶכֶת	הוּא בְּקֹשִׁי הִצְלִיחַ לָלֶכֶת עִם שְׁרִיר הַיָּרֵךְ הָאֲחוֹרִי הַמָּתוּחַ שֶׁלּוֹ מֵהַמַּרָתוֹן.	הוּא בְּקֹשִׁי הִצְלִיחַ לָלֶכֶת עִם שְׁרִיר הַיָּרֵךְ הָאֲחוֹרִי הַמָּתוּחַ שֶׁלּוֹ מֵהַמַּרָתוֹן.	He could hardly walk with his pulled hamstring from the marathon.
לָלֶכֶת	הִתְכַּוְּצוּת הַשְּׁרִירִים שֶׁל לִיסָה הָיְתָה כׇּל כָּךְ כּוֹאֶבֶת שֶׁהִיא לֹא יָכְלָה לָלֶכֶת לְמֶשֶׁךְ מִסְפַּר דַּקּוֹת.	הִתְכַּוְּצוּת הַשְּׁרִירִים שֶׁל לִיסָה הָיְתָה כׇּל כָּךְ כּוֹאֶבֶת שֶׁהִיא לֹא יָכְלָה לָלֶכֶת לְמֶשֶׁךְ מִסְפַּר דַּקּוֹת.	Lisa's charley horse was so painful that she couldn't walk for several minutes.
לָלֶכֶת	הַגַּרְעִינִים הַבָּזָלִיִּים מְתָאֲמִים תְּנוּעוֹת שְׁרִירִים כְּדֵי לַעֲזֹר לָנוּ לָלֶכֶת בְּצוּרָה חֲלָקָה.	הַגַּרְעִינִים הַבָּזָלִיִּים מְתָאֲמִים תְּנוּעוֹת שְׁרִירִים כְּדֵי לַעֲזֹר לָנוּ לָלֶכֶת בְּצוּרָה חֲלָקָה.	The basal ganglia coordinate muscle movements to help us walk smoothly.
לָלֶכֶת	חֲרָקִים מְסֻיָּמִים יְכוֹלִים לָלֶכֶת עַל פְּנֵי נוֹזְלִים בִּגְלַל מֶתַח הַפָּנִים הַגָּבוֹהַּ.	חֲרָקִים מְסֻיָּמִים יְכוֹלִים לָלֶכֶת עַל פְּנֵי נוֹזְלִים בִּגְלַל מֶתַח הַפָּנִים הַגָּבוֹהַּ.	Some insects can walk on liquid surfaces due to the high surface tension.
לָלֶכֶת	הוּא הִתְאַמֵּץ יָתֵר עַל הַמִּדָּה בַּטִּיּוּל הָאַחֲרוֹן וְלֹא הִצְלִיחַ לָלֶכֶת לְמׇחֳרָת.	הוּא הִתְאַמֵּץ יָתֵר עַל הַמִּדָּה בַּטִּיּוּל הָאַחֲרוֹן וְלֹא הִצְלִיחַ לָלֶכֶת לְמׇחֳרָת.	He overstrained on the last hike and couldn't walk the next day.
לָלֶכֶת	הִיא מַעֲדִיפָה לִנְהֹג בְּרֶכֶב הַגּוֹלְף מֵאֲשֶׁר לָלֶכֶת אֶת כׇּל הַמִּגְרָשׁ.	הִיא מַעֲדִיפָה לִנְהֹג בְּרֶכֶב הַגּוֹלְף מֵאֲשֶׁר לָלֶכֶת אֶת כׇּל הַמִּגְרָשׁ.	She prefers to drive the golf buggy rather than walk the course.
לָלֶכֶת	פּוֹלִיטִיקָאִים לְעִתִּים קְרוֹבוֹת הוֹלְכִים עַל חֶבֶל דַּק בֵּין רִצּוּי הַבּוֹחֲרִים לְבֵין דְּבֵקוּת בִּמְדִינִיּוּת הַמִּפְלָגָה.	פּוֹלִיטִיקָאִים לְעִתִּים קְרוֹבוֹת הוֹלְכִים עַל חֶבֶל דַּק בֵּין רִצּוּי הַבּוֹחֲרִים לְבֵין דְּבֵקוּת בִּמְדִינִיּוּת הַמִּפְלָגָה.	Politicians often walk the line between appeasing voters and adhering to party policies.
לָלֶכֶת	אֲנַחְנוּ בְּדֶרֶךְ כְּלָל הוֹלְכִים חֲצִי שָׁעָה אַחֲרֵי אֲרוּחַת הָעֶרֶב כְּדֵי לַעֲזֹר לְעִכּוּל.	אֲנַחְנוּ בְּדֶרֶךְ כְּלָל הוֹלְכִים חֲצִי שָׁעָה אַחֲרֵי אֲרוּחַת הָעֶרֶב כְּדֵי לַעֲזֹר לְעִכּוּל.	We usually walk for a half-hour after dinner to digest our meal.
לָלֶכֶת	אֲנַחְנוּ הוֹלְכִים הַצִּדָּה וְאָז הוּא מְסַפֵּר לִי אֶת הַסִּפּוּר שֶׁלּוֹ.	אֲנַחְנוּ הוֹלְכִים הַצִּדָּה וְאָז הוּא מְסַפֵּר לִי אֶת הַסִּפּוּר שֶׁלּוֹ.	We walk a few steps and he tells me his story.
לָלֶכֶת	אֶפְשָׁר לִרְאוֹת אֶת זֶה בְּהִתְנַהֲלוּת וְגַם בְּאֵיךְ שֶׁאֲנָשִׁים הוֹלְכִים וּמְדַבְּרִים.	אֶפְשָׁר לִרְאוֹת אֶת זֶה בְּהִתְנַהֲלוּת וְגַם בְּאֵיךְ שֶׁאֲנָשִׁים הוֹלְכִים וּמְדַבְּרִים.	One can feel it in how people walk and talk here.
לָלֶכֶת	הֵם יַחֲזִיקוּ יָדַיִם חָזָק בִּזְמַן שֶׁהֵם הוֹלְכִים לְאֹרֶךְ הַחוֹף בַּשְּׁקִיעָה.	הֵם יַחֲזִיקוּ יָדַיִם חָזָק בִּזְמַן שֶׁהֵם הוֹלְכִים לְאֹרֶךְ הַחוֹף בַּשְּׁקִיעָה.	They will hold hands tightly as they walk along the beach at sunset.
לָלֶכֶת	עַכְשָׁו אַתֶּם הוֹלְכִים בְּאוֹתָהּ הַדֶּרֶךְ בָּהּ הָלְכוּ אׇמָּנִים קְדוּמִים אֵלֶּה.	עַכְשָׁו אַתֶּם הוֹלְכִים בְּאוֹתָהּ הַדֶּרֶךְ בָּהּ הָלְכוּ אׇמָּנִים קְדוּמִים אֵלֶּה.	You now walk the same path as these early artists.
לָלֶכֶת	הַנַּעֲלַיִם שֶׁלֹּא מַתְאִימוֹת הֵיטֵב יִשַׂחֲקוּ אֶת הָעֲקֵבִים שֶׁלְּךָ אִם תֵּלֵךְ רָחוֹק מִדַּי.	הַנַּעֲלַיִם שֶׁלֹּא מַתְאִימוֹת הֵיטֵב יִשַׂחֲקוּ אֶת הָעֲקֵבִים שֶׁלְּךָ אִם תֵּלֵךְ רָחוֹק מִדַּי.	The poorly fitted shoes will gall your heels if you walk too far.
לָלֶכֶת	אַף אֶחָד לֹא יָכוֹל לִרְאוֹת אוֹתְךָ אֶלָּא אִם תֵּלֵךְ יָשָׁר אֲלֵיהֶם.	אַף אֶחָד לֹא יָכוֹל לִרְאוֹת אוֹתְךָ אֶלָּא אִם תֵּלֵךְ יָשָׁר אֲלֵיהֶם.	No one can see you unless you walk right on top of them.
לָלֶכֶת	הָרוּחַ תְּפָרֵט אֶת הַשֵּׂעָר שֶׁלְּךָ אִם תֵּלֵךְ בַּחוּץ בְּלִי כּוֹבַע.	הָרוּחַ תְּפָרֵט אֶת הַשֵּׂעָר שֶׁלְּךָ אִם תֵּלֵךְ בַּחוּץ בְּלִי כּוֹבַע.	The wind will dishevel your hair if you walk outside without a hat.
לָלֶכֶת	אֶל תֵּלֵךְ עַל הָרִצְפָּה הַנְּקִיָּה שֶׁלִּי בַּמַּגָּפַיִם הַמְּלֻכְלָכִים שֶׁלְּךָ.	אֶל תֵּלֵךְ עַל הָרִצְפָּה הַנְּקִיָּה שֶׁלִּי בַּמַּגָּפַיִם הַמְּלֻכְלָכִים שֶׁלְּךָ.	Don't walk on my clean floor with your mucky boots.
לָלֶכֶת	פָּשׁוּט תֵּלֵךְ שְׁלוֹשָׁה מֶטְרִים כְּדֵי שֶׁאֶרְאֶה אֶת הַטֶּכְנִיקָה שֶׁלְּךָ.	פָּשׁוּט תֵּלֵךְ שְׁלוֹשָׁה מֶטְרִים כְּדֵי שֶׁאֶרְאֶה אֶת הַטֶּכְנִיקָה שֶׁלְּךָ.	Just walk ten feet so I can see your technique.
לָלֶכֶת	הַבֹּץ יִדָּבֵק לַנַּעֲלַיִם שֶׁלְּךָ אִם תֵּלֵךְ בַּחוּץ אַחֲרֵי הַגֶּשֶׁם.	הַבֹּץ יִדָּבֵק לַנַּעֲלַיִם שֶׁלְּךָ אִם תֵּלֵךְ בַּחוּץ אַחֲרֵי הַגֶּשֶׁם.	The mud will adhere to your shoes if you walk outside after the rain.
לָלֶכֶת	אֲנִי זוֹכֵר אֶת הָרֶגַע שֶׁבּוֹ קִבַּלְתִּי אֶת הָעֻבְדָּה שֶׁלֹּא אֵלֵךְ שׁוּב	אֲנִי זוֹכֵר אֶת הָרֶגַע שֶׁבּוֹ קִבַּלְתִּי אֶת הָעֻבְדָּה שֶׁלֹּא אֵלֵךְ שׁוּב	I remember the moment I accepted I'd never walk again.
לָלֶכֶת	אֲנִי זוֹכֶרֶת אֶת הָרֶגַע שֶׁבּוֹ קִבַּלְתִּי אֶת עַצְמִי לֹא אֵלֵךְ עוֹד לְעוֹלָם.	אֲנִי זוֹכֶרֶת אֶת הָרֶגַע שֶׁבּוֹ קִבַּלְתִּי אֶת עַצְמִי לֹא אֵלֵךְ עוֹד לְעוֹלָם.	I remember the moment I accepted I'd never walk again.
לָלֶכֶת	אוֹ שֶׁיֵּשׁ לִי פְּצִיעָה רְצִינִית בַּעַמּוּד הַשִּׁדְרָה וְאוּלַי לְעוֹלָם לֹא אֵלֵךְ שׁוּב.	אוֹ שֶׁיֵּשׁ לִי פְּצִיעָה רְצִינִית בַּעַמּוּד הַשִּׁדְרָה וְאוּלַי לְעוֹלָם לֹא אֵלֵךְ שׁוּב.	Or I have a significant spinal injury and may never walk again.
לָלֶכֶת	אַתָּה יָכוֹל לְהַתְחִיל בְּכֵן אוֹ שֶׁאֲנִי אֵלֵךְ לְנֶצַחַ.	אַתָּה יָכוֹל לְהַתְחִיל בְּכֵן אוֹ שֶׁאֲנִי אֵלֵךְ לְנֶצַחַ.	You can start by saying yes or I walk for good.
לָלֶכֶת	הַמְּנַתֵּחַ אָמַר שֶׁאַחְלִים מַהֵר יוֹתֵר אִם אֵלֵךְ.	הַמְּנַתֵּחַ אָמַר שֶׁאַחְלִים מַהֵר יוֹתֵר אִם אֵלֵךְ.	The surgeon said I'd heal faster if I walk.
לָלֶכֶת	אֲנִי חוֹשֵׁב שֶׁאֲנִי פָּשׁוּט אֵלֵךְ קְצָת יוֹתֵר.	אֲנִי חוֹשֵׁב שֶׁאֲנִי פָּשׁוּט אֵלֵךְ קְצָת יוֹתֵר.	I think I'll just walk a little bit more.
לָלֶכֶת	בּוֹא נֵלֵךְ קְצָת יוֹתֵר מַהֵר כְּדֵי שֶׁלֹּא נְפַסְפֵס אֶת הָאוֹטוֹבּוּס.	בּוֹא נֵלֵךְ קְצָת יוֹתֵר מַהֵר כְּדֵי שֶׁלֹּא נְפַסְפֵס אֶת הָאוֹטוֹבּוּס.	Let's walk a little bit faster so we don't miss the bus.
לָלֶכֶת	בּוֹאוּ נִקְבַּע לְהִפָּגֵשׁ בַּכְּנִיסָה לַפַּארְק וְאָז נֵלֵךְ יַחַד לָאֵרוּעַ.	בּוֹאוּ נִקְבַּע לְהִפָּגֵשׁ בַּכְּנִיסָה לַפַּארְק וְאָז נֵלֵךְ יַחַד לָאֵרוּעַ.	Let's meet by the park entrance and then walk to the event together.
לָלֶכֶת	אָנוּ נֵלֵךְ עַל פְּנֵי הָאֲדָמָה הַזּוֹ בְּחֵן וּבְכָבוֹד.	אָנוּ נֵלֵךְ עַל פְּנֵי הָאֲדָמָה הַזּוֹ בְּחֵן וּבְכָבוֹד.	We shall walk upon this earth with grace and respect.
לָלֶכֶת	לָכֵן כֻּלָּנוּ פָּשׁוּט נֵלֵךְ בְּרָכוֹת וּנְקַוֶּה לַטוֹב.	לָכֵן כֻּלָּנוּ פָּשׁוּט נֵלֵךְ בְּרָכוֹת וּנְקַוֶּה לַטוֹב.	So we'll all just walk softly and hope for the best.
לָלֶכֶת	הוּא יַעֲקֹב אַחֲרֵי הַשְּׁבִיל אִם נֵלֵךְ בְּשֶׁקֶט לְאֹרֶךְ הַנָּהָר.	הוּא יַעֲקֹב אַחֲרֵי הַשְּׁבִיל אִם נֵלֵךְ בְּשֶׁקֶט לְאֹרֶךְ הַנָּהָר.	He'll pick up a trail if we walk quietly along the riverbank.
לָלֶכֶת	נֵלֵךְ לִתְחוּם הַתַּחֲרוּת אַחֲרֵי שֶׁאַתָּה מְשַׁחְרֵר אֶת הַדְּבָרִים שֶׁלְּךָ.	נֵלֵךְ לִתְחוּם הַתַּחֲרוּת אַחֲרֵי שֶׁאַתָּה מְשַׁחְרֵר אֶת הַדְּבָרִים שֶׁלְּךָ.	We'll walk to the competition grounds after you drop off your things.
לָלֶכֶת	לֵךְ בִּזְהִירוּת עַל פְּנֵי הָרַמְפָּה כְּדֵי לְהַגִּיעַ לַמֵּזַח בְּבִטְחָה.	לֵךְ בִּזְהִירוּת עַל פְּנֵי הָרַמְפָּה כְּדֵי לְהַגִּיעַ לַמֵּזַח בְּבִטְחָה.	Carefully walk across the gangplank to reach the dock safely.
לָלֶכֶת	פָּשׁוּט לֵךָ לָשֵׁם בָּזֶה הָרֶגַע וְהִתְנַצֵּל בִּפְנֵי מְנַהֵל הַקּוֹלְנוֹעַ.	פָּשׁוּט לֵךָ לָשֵׁם בָּזֶה הָרֶגַע וְהִתְנַצֵּל בִּפְנֵי מְנַהֵל הַקּוֹלְנוֹעַ.	Just walk over there right now and apologize to the theater manager.
לָלֶכֶת	מֵאֵיפֹה אַתָּה צַצְתָּ תָּמִיד לְךָ בְּשֶׁקֶט וְהִתְנַצֵּל לִפְנֵי מוֹלֵקוּלוֹת הָאֲוִיר עַל שֶׁהִפְרַעְתָּ לָהֶם.	מֵאֵיפֹה אַתָּה צַצְתָּ תָּמִיד לְךָ בְּשֶׁקֶט וְהִתְנַצֵּל לִפְנֵי מוֹלֵקוּלוֹת הָאֲוִיר עַל שֶׁהִפְרַעְתָּ לָהֶם.	One should always walk softly and apologize to the air molecules as you disturb them.
לָלֶכֶת	פָּשׁוּט לֵךָ יָשָׁר אֶל שְׁבִיל הַחֲנָיָה.	פָּשׁוּט לֵךָ יָשָׁר אֶל שְׁבִיל הַחֲנָיָה.	Just walk straight up to the driveway.
לָלֶכֶת	תַּגִּיד לִי שֶׁמֵּעוֹלָם לֹא נִבְדַּקְתָּ לְפָנַי וַאֲנִי אֶתֵּן לְךָ לָלֶכֶת.	תַּגִּיד לִי שֶׁמֵּעוֹלָם לֹא נִבְדַּקְתָּ לְפָנַי וַאֲנִי אֶתֵּן לְךָ לָלֶכֶת.	Tell me you never took a test before and you walk.
לָלֶכֶת	אֲנִי חוֹשֵׁב שֶׁכְּדַאי לְךָ לָלֶכֶת לְבָחוּץ וּלְהִכָּנֵס אֶל הַמְּכוֹנִית שֶׁלִּי.	אֲנִי חוֹשֵׁב שֶׁכְּדַאי לְךָ לָלֶכֶת לְבָחוּץ וּלְהִכָּנֵס אֶל הַמְּכוֹנִית שֶׁלִּי.	I think you should just walk outside and get in my car.
לָלֶכֶת	פָּשׁוּט תֵּלְכִי דֶּרֶךְ הַדֶּלֶת הַזּוֹ וּלְעוֹלָם לֹא תִּהְיִי שׁוּב לְבַד.	פָּשׁוּט תֵּלְכִי דֶּרֶךְ הַדֶּלֶת הַזּוֹ וּלְעוֹלָם לֹא תִּהְיִי שׁוּב לְבַד.	Just walk through that door, and you'll never be alone again.
לָלֶכֶת	בֶּאֱמֶת רָצוּי שֶׁלֹּא תֵּלְכִי הַבַּיְתָה עַל זֶה.	בֶּאֱמֶת רָצוּי שֶׁלֹּא תֵּלְכִי הַבַּיְתָה עַל זֶה.	You really shouldn't walk home on this.
לָלֶכֶת	פָּשׁוּט תֵּלְכִי אָחוֹרָה לְאַט לְעֵבֶר קְצֵה הַקִּיר.	פָּשׁוּט תֵּלְכִי אָחוֹרָה לְאַט לְעֵבֶר קְצֵה הַקִּיר.	Slowly walk backwards towards the edge of the wall.
לָלֶכֶת	אֲנַחְנוּ מְדַבְּרִים עַל זֶה שֶׁאוּלַי לֹא תֵּלְכִי יוֹתֵר.	אֲנַחְנוּ מְדַבְּרִים עַל זֶה שֶׁאוּלַי לֹא תֵּלְכִי יוֹתֵר.	Anna, we're talking about your ability to ever walk again.
לָלֶכֶת	אֲנִי מַבְטִיחַ לְךְ שֶׁמָּחָר אַתְּ לֹא תֵּלְכִי יָשָׁר וְנוֹרְמָאלִי.	אֲנִי מַבְטִיחַ לְךְ שֶׁמָּחָר אַתְּ לֹא תֵּלְכִי יָשָׁר וְנוֹרְמָאלִי.	I guarantee you you will not walk right tomorrow.
לָלֶכֶת	אֶל תֵּלְכִי לְבַד; אוּלַי הֵם יְנַסּוּ לִשְׁדֹּד אוֹתְךְ וּלְהוֹצִיא אֶת	אֶל תֵּלְכִי לְבַד; אוּלַי הֵם יְנַסּוּ לִשְׁדֹּד אוֹתְךְ וּלְהוֹצִיא אֶת	Don't walk alone; they might stick you up for your wallet.
לָלֶכֶת	אָז לְכוּ עַל גֶּשֶׁר שׁוּב וָשׁוּב עַד שֶׁהַפַּחַד יִשְׁכֵּךְ.	אָז לְכוּ עַל גֶּשֶׁר שׁוּב וָשׁוּב עַד שֶׁהַפַּחַד יִשְׁכֵּךְ.	Then walk over that bridge repeatedly until the terror subsides.
לָלֶכֶת	בְּסוֹפֵי שָׁבוּעַ, לְכוּ אֶל הַמַּאֲפִיָּה הַמְּקוֹמִית כְּדֵי לְהַשִּׂיג לֶחֶם טָרִי.	בְּסוֹפֵי שָׁבוּעַ, לְכוּ אֶל הַמַּאֲפִיָּה הַמְּקוֹמִית כְּדֵי לְהַשִּׂיג לֶחֶם טָרִי.	On the weekend, walk to the local bakery for fresh bread.
לָלֶכֶת	אִם אַתָּה לֹא רוֹצֶה אֶת הַתִּינוֹק שֶׁלְּךָ יִפָּגַע, פָּשׁוּט לְכוּ.	אִם אַתָּה לֹא רוֹצֶה אֶת הַתִּינוֹק שֶׁלְּךָ יִפָּגַע, פָּשׁוּט לְכוּ.	If you don't want your baby to get hurt, just walk.
לָלֶכֶת	כְּשֶׁתּוּכְלוּ לַעֲשׂוֹת אֶת זֶה, לְכוּ עַל הַקָּצֶה.	כְּשֶׁתּוּכְלוּ לַעֲשׂוֹת אֶת זֶה, לְכוּ עַל הַקָּצֶה.	Now when you can do that, walk right around the edge.
לָלֶכֶת	אִם אַתֶּם רְעֵבִים לְכוּ עַל הַמִּסְעָדָה לְרַגְלֵי הָאֲגַם.	אִם אַתֶּם רְעֵבִים לְכוּ עַל הַמִּסְעָדָה לְרַגְלֵי הָאֲגַם.	And if you are hungry, you can walk to the restaurant on the beach.
לָלֶכֶת	לְכוּ בְּמוֹרַד הָרְחוֹב וְאַחֲרֵי 500 מֶטְרִים תַּגִּיעוּ אֶל הַמּוּזֵאוֹן.	לְכוּ בְּמוֹרַד הָרְחוֹב וְאַחֲרֵי 500 מֶטְרִים תַּגִּיעוּ אֶל הַמּוּזֵאוֹן.	Then walk down the street about 500 meters to the museum.
לָלֶכֶת	לְכִי לְשֵׁם כְּאִלּוּ זֶה הַיּוֹם הַמְּיֻחָד שֶׁלְּךָ.	לְכִי לְשֵׁם כְּאִלּוּ זֶה הַיּוֹם הַמְּיֻחָד שֶׁלְּךָ.	Now, walk down the aisle like it's your special day.
לָלֶכֶת	לְכִי אִתִּי וַאֲנִי אֶדְאַג לְךְ בַּדֶּרֶךְ הַחוּצָה.	לְכִי אִתִּי וַאֲנִי אֶדְאַג לְךְ בַּדֶּרֶךְ הַחוּצָה.	Just walk with me, and I'll bother you all the way out.
לָלֶכֶת	כָּעֵת, תִּבְחֲרִי כִּוּוּן, לְכִי עֲשָׂרָה צְעָדִים וְנַסִּי שׁוּב.	כָּעֵת, תִּבְחֲרִי כִּוּוּן, לְכִי עֲשָׂרָה צְעָדִים וְנַסִּי שׁוּב.	Now, pick a direction, walk ten paces and try again.
לָלֶכֶת	אַתְּ נֶחֱשֶׁבֶת כִּמְשַׁתֶּפֶת פְּעֻלָּה תַּעַמְדִי, לְכִי אָחוֹרָה עִם הַיָּדַיִם בָּאֲוִיר.	אַתְּ נֶחֱשֶׁבֶת כִּמְשַׁתֶּפֶת פְּעֻלָּה תַּעַמְדִי, לְכִי אָחוֹרָה עִם הַיָּדַיִם בָּאֲוִיר.	Stand up, walk backwards with your hands in the air.
לָלֶכֶת	כִּנְסִי פְּנִימָה, לְכִי לַמִּשְׁטָח הַמֻּגְבָּה, פְּנֵי יָמִינָה בַּתַּצְפִּית.	כִּנְסִי פְּנִימָה, לְכִי לַמִּשְׁטָח הַמֻּגְבָּה, פְּנֵי יָמִינָה בַּתַּצְפִּית.	Go inside, walk to the platform, turn right at the overlook.
לָלֶכֶת	לְכִי לְשָׁם, עַד הַצַּד הַיְּמָנִי שֶׁל הַשַּׁעַר.	לְכִי לְשָׁם, עַד הַצַּד הַיְּמָנִי שֶׁל הַשַּׁעַר.	Take that walk over there, just to the right side of the gate.
לָלֶכֶת	שְׁמוֹנִים וְתֵשַׁע מִתּוֹכָם יֵלְכוּ עַל הַגּוּפָה שֶׁלִּי עֲבוּר מַסְטִיק חִנָּם.	שְׁמוֹנִים וְתֵשַׁע מִתּוֹכָם יֵלְכוּ עַל הַגּוּפָה שֶׁלִּי עֲבוּר מַסְטִיק חִנָּם.	Ninety-eight of them would walk over my corpse for free gum.
לָלֶכֶת	אוֹ שֶׁיֵּשׁ לִי פְּגִיעָה מַשְׁמָעוּתִית בַּעַמּוּד הַשִּׁדְרָה וְאוּלַי אַף פַּעַם לֹא יֵלְכוּ שׁוּב.	אוֹ שֶׁיֵּשׁ לִי פְּגִיעָה מַשְׁמָעוּתִית בַּעַמּוּד הַשִּׁדְרָה וְאוּלַי אַף פַּעַם לֹא יֵלְכוּ שׁוּב.	Or I have a significant spinal injury and may never walk again.
לָלֶכֶת	הַשַּׂחְקָנִים שֶׁלָּנוּ יֵלְכוּ לְפָנָיו וְיַגִּידוּ אֶת הַשּׁוּרוֹת שֶׁלָּהֶם.	הַשַּׂחְקָנִים שֶׁלָּנוּ יֵלְכוּ לְפָנָיו וְיַגִּידוּ אֶת הַשּׁוּרוֹת שֶׁלָּהֶם.	Our actors walk up to him and say their lines.
לָלֶכֶת	הַקֶּרַח עַל הָאֲגַם עָלוּל לְהִסָּדֵק אִם יוֹתֵר מִדַּי אֲנָשִׁים יֵלְכוּ עָלָיו.	הַקֶּרַח עַל הָאֲגַם עָלוּל לְהִסָּדֵק אִם יוֹתֵר מִדַּי אֲנָשִׁים יֵלְכוּ עָלָיו.	The ice on the pond will shake if too many people walk on it.
לָלֶכֶת	לִשְׂמֹחַ כְּמוֹ שְׁנֵיכֶם יֵלְכוּ לִפְנַי בַּדֶּרֶךְ לְכׇל חַיִּים שֶׁנִּמְשָׁכִים.	לִשְׂמֹחַ כְּמוֹ שְׁנֵיכֶם יֵלְכוּ לִפְנַי בַּדֶּרֶךְ לְכׇל חַיִּים שֶׁנִּמְשָׁכִים.	Rejoice as both of you will walk before me the on road to every lasting life.
לָלֶכֶת	לְכוּ מִכָּאן הֵן יֵלְכוּ בְּאוֹתָהּ קַלּוּת, אִם רַק תּוֹבִיל אוֹתָן.	לְכוּ מִכָּאן הֵן יֵלְכוּ בְּאוֹתָהּ קַלּוּת, אִם רַק תּוֹבִיל אוֹתָן.	You know, they walk just as easy if you lead them.
לָלֶכֶת	לָעִזִּים יֵשׁ שְׁנֵי עֲטִינִים בּוֹלְטִים שֶׁנִּתָּן לִרְאוֹת בְּקַלּוּת כְּשֶׁהֵן הוֹלְכוֹת.	לָעִזִּים יֵשׁ שְׁנֵי עֲטִינִים בּוֹלְטִים שֶׁנִּתָּן לִרְאוֹת בְּקַלּוּת כְּשֶׁהֵן הוֹלְכוֹת.	Goats have two prominent dugs that can be easily seen when they walk.
לָלֶכֶת	זֶה נָאִיבִי לְהַאֲמִין שֶׁנָּשִׁים טוֹבוֹת הוֹלְכוֹת מַהֵר.	זֶה נָאִיבִי לְהַאֲמִין שֶׁנָּשִׁים טוֹבוֹת הוֹלְכוֹת מַהֵר.	It would be too naive to believe that virtuous women walk fast.
לָלֶכֶת	אֲנִי הוֹלֶכֶת לְהַרְאוֹת לָכֵן כֵּיצַד אָנוּ הוֹלְכוֹת.	אֲנִי הוֹלֶכֶת לְהַרְאוֹת לָכֵן כֵּיצַד אָנוּ הוֹלְכוֹת.	I'm going to show you how we walk.
לָלֶכֶת	בִּגְלַל זֶה כׇּל הַנָּשִׁים נוֹצְצוֹת כְּשֶׁהֵן הוֹלְכוֹת.	בִּגְלַל זֶה כׇּל הַנָּשִׁים נוֹצְצוֹת כְּשֶׁהֵן הוֹלְכוֹת.	That's why all women spark when they walk.
לָלֶכֶת	פָּשׁוּט תּוֹצִיאִי אֶת זֶה בִּזְמַן שֶׁאֲנַחְנוּ הוֹלְכוֹת.	פָּשׁוּט תּוֹצִיאִי אֶת זֶה בִּזְמַן שֶׁאֲנַחְנוּ הוֹלְכוֹת.	Just get it out as we walk.
לָלֶכֶת	הָיִיתָ בִּנְּשָׁפִים וְרָאִיתָ אֶת הַבָּנוֹת הוֹלְכוֹת עַל מַסְלוּל כְּכַלוֹת.	הָיִיתָ בִּנְּשָׁפִים וְרָאִיתָ אֶת הַבָּנוֹת הוֹלְכוֹת עַל מַסְלוּל כְּכַלוֹת.	You've been to the balls and seen the girls walk bridal runway.
יָכוֹל	שֹׁחַד קָטָן יָכוֹל לְעִתִּים קְרוֹבוֹת לְשַׁמֵּן אֶת הַגַּלְגַּלִּים בְּתַהֲלִיכִים בִּירוֹקְרָטִיִּים.	שֹׁחַד קָטָן יָכוֹל לְעִתִּים קְרוֹבוֹת לְשַׁמֵּן אֶת הַגַּלְגַּלִּים בְּתַהֲלִיכִים בִּירוֹקְרָטִיִּים.	A small bribe can often grease the wheels in bureaucratic processes.
יָכוֹל	אִמּוּן לְחִזּוּק שְׁרִירֵי הַצַּוָּאר יָכוֹל לַעֲזֹר לְמִתְאַגְרְפִים בַּעֲלֵי סֶנְטֶר שֶׁל זְכוּכִית.	אִמּוּן לְחִזּוּק שְׁרִירֵי הַצַּוָּאר יָכוֹל לַעֲזֹר לְמִתְאַגְרְפִים בַּעֲלֵי סֶנְטֶר שֶׁל זְכוּכִית.	Training to strengthen neck muscles can help fighters who have a glass jaw.
יָכוֹל	אֲנִי יָכוֹל לְהִשָּׁאֵר מְאֻחָר וְלַעֲזֹר לְךָ לְסַיֵּם אֶת הַדּוּחַ בְּמִדַּת הַצֹּרֶךְ.	אֲנִי יָכוֹל לְהִשָּׁאֵר מְאֻחָר וְלַעֲזֹר לְךָ לְסַיֵּם אֶת הַדּוּחַ בְּמִדַּת הַצֹּרֶךְ.	I can stay late and help you finish the report if needs be.
יָכוֹל	מֵעֵבֶר לְבֵית סֵפֶר חָדָשׁ בַּשָּׁנָה הָאַחֲרוֹנָה יָכוֹל לְהַרְגִּישׁ כְּמוֹ מָוֶת חֶבְרָתִי.	מֵעֵבֶר לְבֵית סֵפֶר חָדָשׁ בַּשָּׁנָה הָאַחֲרוֹנָה יָכוֹל לְהַרְגִּישׁ כְּמוֹ מָוֶת חֶבְרָתִי.	Moving to a new school in senior year can feel like social death.
יָכוֹל	חוֹב אָבוּד יָכוֹל לְהַשְׁפִּיעַ מַשְׁמָעוּתִית עַל תַּזְרִים הַמְּזֻמָּנִים שֶׁל חֶבְרָה.	חוֹב אָבוּד יָכוֹל לְהַשְׁפִּיעַ מַשְׁמָעוּתִית עַל תַּזְרִים הַמְּזֻמָּנִים שֶׁל חֶבְרָה.	Bad debt can have a significant impact on a company's cash flow.
יָכוֹל	סְטוּדֶנְטִים יְכוֹלִים לְעִתִּים קְרוֹבוֹת לִקְנוֹת סִפְרֵי לִמּוּד בַּהֲנָחָה מֵחֲנוּיוֹת סְפָרִים מְשֻׁמָּשִׁים.	סְטוּדֶנְטִים יְכוֹלִים לְעִתִּים קְרוֹבוֹת לִקְנוֹת סִפְרֵי לִמּוּד בַּהֲנָחָה מֵחֲנוּיוֹת סְפָרִים מְשֻׁמָּשִׁים.	Students can often buy textbooks at a discount from used book stores.
יָכוֹל	הִידַּרַצְיָה נְאוֹתָה וְאִזּוּן אֵלֶקְטְרוֹלִיטִים יְכוֹלִים לַעֲזֹר לִמְנֹעַ הִתְכַּוְּצוּת שְׁרִירִים בְּמַהֲלַךְ אִמּוּן.	הִידַּרַצְיָה נְאוֹתָה וְאִזּוּן אֵלֶקְטְרוֹלִיטִים יְכוֹלִים לַעֲזֹר לִמְנֹעַ הִתְכַּוְּצוּת שְׁרִירִים בְּמַהֲלַךְ אִמּוּן.	Proper hydration and electrolyte balance can help prevent charley horses during exercise.
יָכוֹל	סְטוּדֶנְטִים יְכוֹלִים לָגֶשֶׁת לַסִּפְרִיָּה הַמְּקֻוֶּנֶת בְּאֶמְצָעוּת פִּרְטֵי הַהִתְחַבְּרוּת שֶׁל הָאוּנִיבֶרְסִיטָה שֶׁלָּהֶם.	סְטוּדֶנְטִים יְכוֹלִים לָגֶשֶׁת לַסִּפְרִיָּה הַמְּקֻוֶּנֶת בְּאֶמְצָעוּת פִּרְטֵי הַהִתְחַבְּרוּת שֶׁל הָאוּנִיבֶרְסִיטָה שֶׁלָּהֶם.	Students can access the online library by means of their university login credentials.
יָכוֹל	אֶזְרָחִים וָתִיקִים יְכוֹלִים לְעִתִּים קְרוֹבוֹת לְקַבֵּל שֵׁרוּתִים בִּמְחִיר מוּזָל עִם כַּרְטִיסִים מְיֻחָדִים.	אֶזְרָחִים וָתִיקִים יְכוֹלִים לְעִתִּים קְרוֹבוֹת לְקַבֵּל שֵׁרוּתִים בִּמְחִיר מוּזָל עִם כַּרְטִיסִים מְיֻחָדִים.	Senior citizens can often get services at a discount with special cards.
יָכוֹל	מַאֲכָלִים מְסֻיָּמִים יְכוֹלִים לַעֲזֹר בְּהַפְחָתַת שֻׁמָּן גּוּף כְּשֶׁאוֹכְלִים אוֹתָם בְּמִדָּה.	מַאֲכָלִים מְסֻיָּמִים יְכוֹלִים לַעֲזֹר בְּהַפְחָתַת שֻׁמָּן גּוּף כְּשֶׁאוֹכְלִים אוֹתָם בְּמִדָּה.	Certain foods can help reduce body fat when eaten in moderation.
יָכוֹל	הֲרָמַת דֶּגֶל אָדֹם עַל נְהָלִים לֹא אֵתִיִּים יְכוֹלָה לְהוֹבִיל לְשִׁנּוּיִים חִיּוּבִיִּים.	הֲרָמַת דֶּגֶל אָדֹם עַל נְהָלִים לֹא אֵתִיִּים יְכוֹלָה לְהוֹבִיל לְשִׁנּוּיִים חִיּוּבִיִּים.	Blowing the whistle on unethical practices can lead to positive changes.
יָכוֹל	טֶכְנוֹלוֹגְיָה יְכוֹלָה לַעֲזֹר לְגַשֵּׁר עַל הַפַּעַר בֵּין שֵׁרוּתֵי בְּרִיאוּת עִירוֹנִיִּים לִכְפְרִיִּים.	טֶכְנוֹלוֹגְיָה יְכוֹלָה לַעֲזֹר לְגַשֵּׁר עַל הַפַּעַר בֵּין שֵׁרוּתֵי בְּרִיאוּת עִירוֹנִיִּים לִכְפְרִיִּים.	Technology can help bridge the gap between urban and rural healthcare services.
יָכוֹל	אֲכִילַת בָּנָנוֹת יְכוֹלָה לַעֲזֹר לְהַפְחִית אֶת תְּדִירוּת הִתְכַּוְּצוּת הַשְּׁרִירִים אֵצֶל סְפּוֹרְטָאִים.	אֲכִילַת בָּנָנוֹת יְכוֹלָה לַעֲזֹר לְהַפְחִית אֶת תְּדִירוּת הִתְכַּוְּצוּת הַשְּׁרִירִים אֵצֶל סְפּוֹרְטָאִים.	Eating bananas can help reduce the frequency of charley horses in athletes.
יָכוֹל	הַתְּמִיכָה שֶׁלָּכֶם יְכוֹלָה לַעֲשׂוֹת אֶת הַהֶבְדֵּל בַּמַּאֲבָק שֶׁלָּנוּ נֶגֶד שִׁנּוּיֵי הָאַקְלִים.	הַתְּמִיכָה שֶׁלָּכֶם יְכוֹלָה לַעֲשׂוֹת אֶת הַהֶבְדֵּל בַּמַּאֲבָק שֶׁלָּנוּ נֶגֶד שִׁנּוּיֵי הָאַקְלִים.	Your support can make a difference in our fight against climate change.
יָכוֹל	קְרִיאַת שִׁירָה בְּקוֹל רָם יְכוֹלָה לַעֲזֹר לְךָ לְהַעֲרִיךְ אֶת הַקֶּצֶב שֶׁלָּהּ.	קְרִיאַת שִׁירָה בְּקוֹל רָם יְכוֹלָה לַעֲזֹר לְךָ לְהַעֲרִיךְ אֶת הַקֶּצֶב שֶׁלָּהּ.	Reading poetry out loud can help you appreciate its rhythm.
יָכוֹל	הִיא מְקַוָּה שֶׁהָאַהֲבָה תּוּכַל לַהֲפֹךְ אֶת הַלֵּילוֹת הַבּוֹדְדִים שֶׁלָּהּ לִרְגָעִים שֶׁל שִׂמְחָה.	הִיא מְקַוָּה שֶׁהָאַהֲבָה תּוּכַל לַהֲפֹךְ אֶת הַלֵּילוֹת הַבּוֹדְדִים שֶׁלָּהּ לִרְגָעִים שֶׁל שִׂמְחָה.	She hopes love can turn her lonely nights into joyful moments.
יָכוֹל	צִיֵּן אֶת הַנּוֹשְׂאִים הַמַּטְרִידִים בַּסֶּקֶר כְּדֵי שֶׁהַחֶבְרָה תּוּכַל לְטַפֵּל בָּהֶם.	צִיֵּן אֶת הַנּוֹשְׂאִים הַמַּטְרִידִים בַּסֶּקֶר כְּדֵי שֶׁהַחֶבְרָה תּוּכַל לְטַפֵּל בָּהֶם.	Flag your concerns in the survey so the company can address them.
יָכוֹל	הִיא עוֹבֶדֶת בַּחֲצִי מִשְׂרָה כְּדֵי שֶׁהִיא תּוּכַל גַּם לְהִשְׁתַּתֵּף בְּשִׁעוּרֵי אוּנִיבֶרְסִיטָה בְּמַהֲלַךְ הַיּוֹם.	הִיא עוֹבֶדֶת בַּחֲצִי מִשְׂרָה כְּדֵי שֶׁהִיא תּוּכַל גַּם לְהִשְׁתַּתֵּף בְּשִׁעוּרֵי אוּנִיבֶרְסִיטָה בְּמַהֲלַךְ הַיּוֹם.	She works part-time so she can also attend university classes during the day.
יָכוֹל	אֲנִי אֶכְתֹּב אֶת הַהוֹדָעָה בִּבְּרֵיְל כְּדֵי שֶׁהִיא תּוּכַל לִקְרֹא אוֹתָהּ בְּקַלּוּת.	אֲנִי אֶכְתֹּב אֶת הַהוֹדָעָה בִּבְּרֵיְל כְּדֵי שֶׁהִיא תּוּכַל לִקְרֹא אוֹתָהּ בְּקַלּוּת.	I will braille the message so that she can read it easily.
יָכוֹל	הִיא חוֹלֶמֶת עַל הַיּוֹם שֶׁבּוֹ תּוּכַל לְהֵחָלֵץ מֵהַשִּׁגְרָה הַיּוֹמְיוֹמִית שֶׁלָּהּ.	הִיא חוֹלֶמֶת עַל הַיּוֹם שֶׁבּוֹ תּוּכַל לְהֵחָלֵץ מֵהַשִּׁגְרָה הַיּוֹמְיוֹמִית שֶׁלָּהּ.	She dreams of a day when she can escape from her daily routine.
יָכוֹל	נוּכַל לְהַחֲלִיף רַעְיוֹנוֹת בְּמַהֲלַךְ הַפְּגִישָׁה כְּדֵי לְפַתֵּחַ פִּתְרוֹנוֹת טוֹבִים יוֹתֵר.	נוּכַל לְהַחֲלִיף רַעְיוֹנוֹת בְּמַהֲלַךְ הַפְּגִישָׁה כְּדֵי לְפַתֵּחַ פִּתְרוֹנוֹת טוֹבִים יוֹתֵר.	We can trade ideas during the meeting to develop better solutions.
יָכוֹל	נוּכַל לִצְבֹּעַ אֶת הַבַּיִת בְּתֹם הַשִּׁפּוּץ כְּדֵי לְקַבֵּל מַרְאֶה רַעֲנָן.	נוּכַל לִצְבֹּעַ אֶת הַבַּיִת בְּתֹם הַשִּׁפּוּץ כְּדֵי לְקַבֵּל מַרְאֶה רַעֲנָן.	We can paint the house post renovation for a fresh look.
יָכוֹל	נוּכַל לְהִפָּגֵשׁ אַחֲרֵי הָעֲבוֹדָה אִם תְּסַיֵּם אֶת הַמְּשִׂימוֹת שֶׁלְּךָ מֻקְדָּם.	נוּכַל לְהִפָּגֵשׁ אַחֲרֵי הָעֲבוֹדָה אִם תְּסַיֵּם אֶת הַמְּשִׂימוֹת שֶׁלְּךָ מֻקְדָּם.	We can hang out after work if you finish your tasks early.
יָכוֹל	נוּכַל לְהִתְנַסּוֹת בַּתְּכוּנוֹת הַחֲדָשׁוֹת שֶׁל הָאַפְּלִיקַצְיָה לִפְנֵי שֶׁנְּקַבֵּל הַחְלָטָה סוֹפִית.	נוּכַל לְהִתְנַסּוֹת בַּתְּכוּנוֹת הַחֲדָשׁוֹת שֶׁל הָאַפְּלִיקַצְיָה לִפְנֵי שֶׁנְּקַבֵּל הַחְלָטָה סוֹפִית.	We can sample the new app features before making a final decision.
יָכוֹל	נוּכַל לִפְתֹּר בְּעָיוֹת אַקְלִים רַק בְּאֶמְצָעוּת פְּעֻלּוֹת הַמִּתְבַּצְּעוֹת בְּשִׁתּוּף פְּעֻלָּה גְּלוֹבָּלִי.	נוּכַל לִפְתֹּר בְּעָיוֹת אַקְלִים רַק בְּאֶמְצָעוּת פְּעֻלּוֹת הַמִּתְבַּצְּעוֹת בְּשִׁתּוּף פְּעֻלָּה גְּלוֹבָּלִי.	We can solve climate issues only with actions taken across borders.
יָכוֹל	אֲנִי לְעִתִּים קְרוֹבוֹת מְהַרְהֵר כֵּיצַד אוּכֶל לְשַׁפֵּר אֶת הַכִּשּׁוּרִים שֶׁלִּי.	אֲנִי לְעִתִּים קְרוֹבוֹת מְהַרְהֵר כֵּיצַד אוּכֶל לְשַׁפֵּר אֶת הַכִּשּׁוּרִים שֶׁלִּי.	I often think about how I can improve my skills.
יָכוֹל	הַנְּסִיעָה תִּהְיֶה קַלָּה יוֹתֵר אִם אוּכַל לְהָמִיר אֶת הַחֶסְכוֹנוֹת שֶׁלִּי לְלִירוֹת שְׂטֶרְלִינְג.	הַנְּסִיעָה תִּהְיֶה קַלָּה יוֹתֵר אִם אוּכַל לְהָמִיר אֶת הַחֶסְכוֹנוֹת שֶׁלִּי לְלִירוֹת שְׂטֶרְלִינְג.	Traveling will be easier if I can convert my savings into sterling.
יָכוֹל	תֵּן לִי לִבְדֹּק אִם אוּכַל לִיצֹר אִתָּהּ קֶשֶׁר מְאֻחָר יוֹתֵר.	תֵּן לִי לִבְדֹּק אִם אוּכַל לִיצֹר אִתָּהּ קֶשֶׁר מְאֻחָר יוֹתֵר.	Let me see if I can get in touch with her later.
יָכוֹל	אֹכֶל לְהַתְחִיל לְהִשְׁתַּתֵּף בְּתַשְׁלוּם שְׂכַר הַלִּמּוּד שֶׁל בָּתִּי בַּסֵּמֶסְטֶר הַבָּא.	אֹכֶל לְהַתְחִיל לְהִשְׁתַּתֵּף בְּתַשְׁלוּם שְׂכַר הַלִּמּוּד שֶׁל בָּתִּי בַּסֵּמֶסְטֶר הַבָּא.	I can start to pay towards my daughter's tuition next semester.
יָכוֹל	הָאֱמֶת הִיא שֶׁאֲנִי לֹא בָּטוּחַ אִם אֹכֶל לְסַיֵּם אֶת הַפְּרוֹיֵקְט הַזֶּה בַּזְּמַן.	הָאֱמֶת הִיא שֶׁאֲנִי לֹא בָּטוּחַ אִם אֹכֶל לְסַיֵּם אֶת הַפְּרוֹיֵקְט הַזֶּה בַּזְּמַן.	To be honest, I'm not sure if I can finish this project on time.
יָכוֹל	פְּעִילוּת גּוּפָנִית סְדִירָה וּתְזוּנָה מְאֻזֶּנֶת יְכוֹלוֹת לַעֲשׂוֹת פְּלָאִים לַבְּרִיאוּת הַכְּלָלִית שֶׁלְּךָ.	פְּעִילוּת גּוּפָנִית סְדִירָה וּתְזוּנָה מְאֻזֶּנֶת יְכוֹלוֹת לַעֲשׂוֹת פְּלָאִים לַבְּרִיאוּת הַכְּלָלִית שֶׁלְּךָ.	Regular exercise and a balanced diet can work wonders for your overall health.
יָכוֹל	מְתִיחוֹת לִפְנֵי אִמּוּן יְכוֹלוֹת לַעֲזֹר לִמְנֹעַ הִתְכַּוְּצוּת שְׁרִיר בְּמַהֲלַךְ אִמּוּנִים אִינְטֶנְסִיבִיִּים.	מְתִיחוֹת לִפְנֵי אִמּוּן יְכוֹלוֹת לַעֲזֹר לִמְנֹעַ הִתְכַּוְּצוּת שְׁרִיר בְּמַהֲלַךְ אִמּוּנִים אִינְטֶנְסִיבִיִּים.	Stretching before exercise can help prevent charley horses during intense workouts.
יָכוֹל	בְּדִיקוֹת שִׁגְרָתִיּוֹת יְכוֹלוֹת לַעֲזֹר לְגַלּוֹת סִימָנִים שֶׁל בְּרִיאוּת לְקוּיָה לִפְנֵי שֶׁהֵם מַחְמִירִים.	בְּדִיקוֹת שִׁגְרָתִיּוֹת יְכוֹלוֹת לַעֲזֹר לְגַלּוֹת סִימָנִים שֶׁל בְּרִיאוּת לְקוּיָה לִפְנֵי שֶׁהֵם מַחְמִירִים.	Regular check-ups can help detect signs of ill health before they worsen.
יָכוֹל	מְיֻמָּנוּיוֹת תְּפִירָה בְּסִיסִיּוֹת יְכוֹלוֹת לִהְיוֹת שִׁמּוּשִׁיּוֹת מְאוֹד כְּשֶׁצָּרִיךְ לְתַקֵּן בְּגָדִים בִּמְהִירוּת.	מְיֻמָּנוּיוֹת תְּפִירָה בְּסִיסִיּוֹת יְכוֹלוֹת לִהְיוֹת שִׁמּוּשִׁיּוֹת מְאוֹד כְּשֶׁצָּרִיךְ לְתַקֵּן בְּגָדִים בִּמְהִירוּת.	Basic sewing skills can come in handy when you need to repair clothes quickly.
יָכוֹל	שְׁמוּעוֹת בָּרְשָׁתוֹת הַחֶבְרָתִיּוֹת יְכוֹלוֹת לְהִשְׁתּוֹלֵל בִּמְהִירוּת אִם גּוֹרְמִים רִשְׁמִיִּים לֹא מְטַפְּלִים בָּהֶן מִיָּד.	שְׁמוּעוֹת בָּרְשָׁתוֹת הַחֶבְרָתִיּוֹת יְכוֹלוֹת לְהִשְׁתּוֹלֵל בִּמְהִירוּת אִם גּוֹרְמִים רִשְׁמִיִּים לֹא מְטַפְּלִים בָּהֶן מִיָּד.	Social media rumors can quickly run amok if not addressed promptly by officials.
יָכוֹל	אֶחָד תּוּכְלוּ לְסַיֵּר בַּמְּדִינָה בְּקַלּוּת שֶׁכֵּן הַכְּבִישִׁים הָרָאשִׁיִּים הֵם מוֹדֶרְנִיִּים.	אֶחָד תּוּכְלוּ לְסַיֵּר בַּמְּדִינָה בְּקַלּוּת שֶׁכֵּן הַכְּבִישִׁים הָרָאשִׁיִּים הֵם מוֹדֶרְנִיִּים.	One can tour this country easily since the major roads are modern.
יָכוֹל	גַּם אַתֶּם תּוּכְלוּ לַעֲזֹר לָנוּ לִפְתֹּחַ אֶת הַדֶּלֶת לְעָתִיד מֻזְהָב.	גַּם אַתֶּם תּוּכְלוּ לַעֲזֹר לָנוּ לִפְתֹּחַ אֶת הַדֶּלֶת לְעָתִיד מֻזְהָב.	You too can help us unlock the doors to a golden future.
יָכוֹל	בִּמְכוֹנָה זֹאת תּוּכְלוּ לְהָכִין לְךָ אֶת כׇּל סוּגֵי הַקָּפֶה שֶׁאַתֶּם רוֹצִים.	בִּמְכוֹנָה זֹאת תּוּכְלוּ לְהָכִין לְךָ אֶת כׇּל סוּגֵי הַקָּפֶה שֶׁאַתֶּם רוֹצִים.	With that badge, she can make any coffee you want.
יָכוֹל	בְּנוֹסָף תּוּכְלוּ לִבְחֹר שָׁם הַאִם לְגַבּוֹת אֶת שִׂיחוֹת וִידֵאוֹ אוֹ לֹא.	בְּנוֹסָף תּוּכְלוּ לִבְחֹר שָׁם הַאִם לְגַבּוֹת אֶת שִׂיחוֹת וִידֵאוֹ אוֹ לֹא.	You also can choose whether to cache the videos or not.
יָכוֹל	אֲנִי כְּבָר לֹא מֻדְאָג עוֹד הַאִם תּוּכְלוּ לְהַצְלִיחַ לַעֲבֹר אֶת זֶה.	אֲנִי כְּבָר לֹא מֻדְאָג עוֹד הַאִם תּוּכְלוּ לְהַצְלִיחַ לַעֲבֹר אֶת זֶה.	I am no longer worried about whether I can make it.
יָכוֹל	אֲנַחְנוּ צְרִיכִים מִישֶׁהוּ שֶׁיָּכוֹל לַעֲמֹד בַּצִּפִּיּוֹת תַּחַת לַחַץ וְלַעֲמֹד בְּלוּחוֹת זְמַנִּים.	אֲנַחְנוּ צְרִיכִים מִישֶׁהוּ שֶׁיָּכוֹל לַעֲמֹד בַּצִּפִּיּוֹת תַּחַת לַחַץ וְלַעֲמֹד בְּלוּחוֹת זְמַנִּים.	We need someone who can deliver the goods under pressure and meet deadlines.
יָכוֹל	מָצָאנוּ מָקוֹם שֶׁיָּכוֹל לְאָרֵחַ אֶת חַיּוֹת הַמַּחְמָד שֶׁלָּנוּ בִּזְמַן שֶׁאֲנַחְנוּ בִּנְּסִיעָה.	מָצָאנוּ מָקוֹם שֶׁיָּכוֹל לְאָרֵחַ אֶת חַיּוֹת הַמַּחְמָד שֶׁלָּנוּ בִּזְמַן שֶׁאֲנַחְנוּ בִּנְּסִיעָה.	We found a place that can board our pets while we travel.
יָכוֹל	טוּב לֵב הוּא מְאַפְיֵן שֶׁיָּכוֹל לְהָאִיר אֶת יוֹמוֹ שֶׁל כׇּל אֶחָד.	טוּב לֵב הוּא מְאַפְיֵן שֶׁיָּכוֹל לְהָאִיר אֶת יוֹמוֹ שֶׁל כׇּל אֶחָד.	Kindness is a trait that can brighten anyone's day.
יָכוֹל	יָכוֹל לִהְיוֹת שֶׁיֵּשׁ לוֹ רַעְיוֹן שֶׁיָּכוֹל לִפְתֹּר אֶת הָאֶתְגָּר הַנּוֹכְחִי שֶׁלָּנוּ.	יָכוֹל לִהְיוֹת שֶׁיֵּשׁ לוֹ רַעְיוֹן שֶׁיָּכוֹל לִפְתֹּר אֶת הָאֶתְגָּר הַנּוֹכְחִי שֶׁלָּנוּ.	He may have an idea that can solve our current challenge.
יָכוֹל	אֲנַחְנוּ צְרִיכִים מְנַהֵל פְּרוֹיֵקְט שֶׁיָּכוֹל לְסַפֵּק אֶת הַסְּחוֹרָה בְּאֹפֶן עִקְבִי תַּחַת לַחַץ.	אֲנַחְנוּ צְרִיכִים מְנַהֵל פְּרוֹיֵקְט שֶׁיָּכוֹל לְסַפֵּק אֶת הַסְּחוֹרָה בְּאֹפֶן עִקְבִי תַּחַת לַחַץ.	We need a project manager who can consistently deliver the goods under pressure.
יָכוֹל	תּוּכְלִי לַחֲשֹׁב לְפָחוֹת עַל דֶּרֶךְ אַחַת לִפְתֹּר אֶת הַבְּעָיָה הַזֹּאת.	תּוּכְלִי לַחֲשֹׁב לְפָחוֹת עַל דֶּרֶךְ אַחַת לִפְתֹּר אֶת הַבְּעָיָה הַזֹּאת.	Well, I can think of one way to solve that problem.
יָכוֹל	מֵהַטִּפּוּל הַשֵּׁנִי תּוּכְלִי לְשַׁלֵּב רָמוֹת אֵנֶרְגִּיָּה עַל פִּי מִדַּת הַנּוֹחוּת שֶׁלְּךָ.	מֵהַטִּפּוּל הַשֵּׁנִי תּוּכְלִי לְשַׁלֵּב רָמוֹת אֵנֶרְגִּיָּה עַל פִּי מִדַּת הַנּוֹחוּת שֶׁלְּךָ.	Our therapist can adjust the power according to your comfort level.
יָכוֹל	וְאַחֲרֵי הַנִּתּוּחַ תּוּכְלִי לִטְרֹף אֶת הַחֲבִילָה כֻּלָּהּ בְּבִיִס אֶחָד.	וְאַחֲרֵי הַנִּתּוּחַ תּוּכְלִי לִטְרֹף אֶת הַחֲבִילָה כֻּלָּהּ בְּבִיִס אֶחָד.	And after the can wolf down the whole packet in one go.
יָכוֹל	אִם אַתְּ צְרִיכָה כֶּסֶף תּוּכְלִי תָּמִיד לְבַקֵּשׁ מִסַּבָּא שֶׁלִּי.	אִם אַתְּ צְרִיכָה כֶּסֶף תּוּכְלִי תָּמִיד לְבַקֵּשׁ מִסַּבָּא שֶׁלִּי.	And if you need money, we can always ask my granddad.
יָכוֹל	נִכְנַסְתִּי לַבְּלוֹג שֶׁלְּךְ וְחָשַׁבְתִּי אוּלַי תּוּכְלִי לַעֲזֹר לִי.	נִכְנַסְתִּי לַבְּלוֹג שֶׁלְּךְ וְחָשַׁבְתִּי אוּלַי תּוּכְלִי לַעֲזֹר לִי.	I have gone through your website and i think u can help me.
יָכוֹל	כַּוֵּן אֶת קוֹלְךָ כָּךְ שֶׁכׇּל מִי שֶׁבַּחֶדֶר יוּכַל לִשְׁמֹעַ אוֹתְךָ.	כַּוֵּן אֶת קוֹלְךָ כָּךְ שֶׁכׇּל מִי שֶׁבַּחֶדֶר יוּכַל לִשְׁמֹעַ אוֹתְךָ.	Aim your voice so everyone in the room can hear you.
יָכוֹל	כׇּל אֶחָד רָאוּי לִסְבִיבַת עֲבוֹדָה בְּטוּחָה וּמְכִילָה שֶׁבָּהּ יוּכַל לְשַׂגְשֵׂג.	כׇּל אֶחָד רָאוּי לִסְבִיבַת עֲבוֹדָה בְּטוּחָה וּמְכִילָה שֶׁבָּהּ יוּכַל לְשַׂגְשֵׂג.	Everyone deserves a safe and inclusive workplace where they can thrive.
יָכוֹל	עָלֵינוּ לְחַזֵּק אֶת הַגֶּשֶׁר כְּדֵי לְהַבְטִיחַ שֶׁהוּא יוּכַל לַעֲמֹד בְּעֹמֶס תְּנוּעָה כָּבֵד.	עָלֵינוּ לְחַזֵּק אֶת הַגֶּשֶׁר כְּדֵי לְהַבְטִיחַ שֶׁהוּא יוּכַל לַעֲמֹד בְּעֹמֶס תְּנוּעָה כָּבֵד.	We need to reinforce the bridge to ensure it can handle heavy traffic.
יָכוֹל	כׇּל שַׂחְקָן חַיָּב לִתְרֹם דְּמֵי הִשְׁתַּתְּפוּת לִפְנֵי שֶׁהַמִּשְׂחָק יוּכַל לְהַתְחִיל.	כׇּל שַׂחְקָן חַיָּב לִתְרֹם דְּמֵי הִשְׁתַּתְּפוּת לִפְנֵי שֶׁהַמִּשְׂחָק יוּכַל לְהַתְחִיל.	Each player must contribute an ante before the game can start.
יָכוֹל	יֵשׁ לִי תְּחוּשָׁה שֶׁהַצֶּוֶת שֶׁלָּנוּ יוּכַל לְסַיֵּם אֶת הַפְּרוֹיֵקְט בַּזְּמַן.	יֵשׁ לִי תְּחוּשָׁה שֶׁהַצֶּוֶת שֶׁלָּנוּ יוּכַל לְסַיֵּם אֶת הַפְּרוֹיֵקְט בַּזְּמַן.	I dare say our team can complete the project on time.
יָכוֹל	הוּא יְחַלֵּק אֶת הַפִּיצָה לְאַרְבַּע כְּדֵי שֶׁכֻּלָּם יוּכְלוּ לְקַבֵּל פְּרוּסָה.	הוּא יְחַלֵּק אֶת הַפִּיצָה לְאַרְבַּע כְּדֵי שֶׁכֻּלָּם יוּכְלוּ לְקַבֵּל פְּרוּסָה.	He will quarter the pizza so everyone can have a slice.
יָכוֹל	אׇמָּנִים מְקוֹמִיִּים יוּכְלוּ לְשַׁוֵּק אֶת יְצִירוֹתֵיהֶם בַּיְּרִיד הַקָּרוֹב בְּמֶרְכַּז הָעִיר.	אׇמָּנִים מְקוֹמִיִּים יוּכְלוּ לְשַׁוֵּק אֶת יְצִירוֹתֵיהֶם בַּיְּרִיד הַקָּרוֹב בְּמֶרְכַּז הָעִיר.	Local artisans can retail their crafts at the upcoming fair downtown.
יָכוֹל	חִיּוּנִי לְגַדֵּר אֶת מִגְרַשׁ הַמִּשְׂחָקִים כְּדֵי שֶׁהַיְּלָדִים יוּכְלוּ לְשַׂחֵק בְּבִטְחָה.	חִיּוּנִי לְגַדֵּר אֶת מִגְרַשׁ הַמִּשְׂחָקִים כְּדֵי שֶׁהַיְּלָדִים יוּכְלוּ לְשַׂחֵק בְּבִטְחָה.	It's crucial to gate the playground so children can play safely.
יָכוֹל	אֲנַחְנוּ צְרִיכִים לִקְבֹּעַ אֶת זְמַן הַפְּגִישָׁה כְּדֵי שֶׁכֻּלָּם יוּכְלוּ לְהִשְׁתַּתֵּף.	אֲנַחְנוּ צְרִיכִים לִקְבֹּעַ אֶת זְמַן הַפְּגִישָׁה כְּדֵי שֶׁכֻּלָּם יוּכְלוּ לְהִשְׁתַּתֵּף.	We need to pin down the meeting time so everyone can attend.
יָכוֹל	הַעֱבָר אֶת הַסְּפָרִים הָאֲהוּבִים עָלֶיךָ כְּדֵי שֶׁאֲחֵרִים יוּכְלוּ לֵהָנוֹת מֵהֶם.	הַעֱבָר אֶת הַסְּפָרִים הָאֲהוּבִים עָלֶיךָ כְּדֵי שֶׁאֲחֵרִים יוּכְלוּ לֵהָנוֹת מֵהֶם.	Hand down your favorite books so others can enjoy them.
יָכוֹל	הַמְּעֹרָבוּת שֶׁלָּהֶם בַּקְּהִלָּה הִיא מִקְרֶה לְדֻגְמָה כֵּיצַד יְכֹלֶת טוּב לֵב לְשַׁנּוֹת חַיִּים.	הַמְּעֹרָבוּת שֶׁלָּהֶם בַּקְּהִלָּה הִיא מִקְרֶה לְדֻגְמָה כֵּיצַד יְכֹלֶת טוּב לֵב לְשַׁנּוֹת חַיִּים.	Their community outreach is a case in point of how kindness can change lives.
יָכוֹל	בְּדִיקַת עֲמִידוּת בִּלְחָצִים הִיא קְרִיטִית לְהַבְטָחַת יְכֹלֶת הַמַּעֲרָכוֹת לְהִתְמוֹדֵד בִּיעִילוּת עִם עֳמָסִים בִּלְתִּי צְפוּיִים.	בְּדִיקַת עֲמִידוּת בִּלְחָצִים הִיא קְרִיטִית לְהַבְטָחַת יְכֹלֶת הַמַּעֲרָכוֹת לְהִתְמוֹדֵד בִּיעִילוּת עִם עֳמָסִים בִּלְתִּי צְפוּיִים.	Stress testing is crucial for ensuring systems can handle unexpected loads effectively.
יָכוֹל	לְכֶסֶף חָדָשׁ יֵשׁ יְכֹלֶת לְעִתִּים לְהַפְרִיעַ לְמִבְנִים חֶבְרָתִיִּים מָסׇרְתִּיִּים בְּעֶזְרַת עֹשֶׁר פִּתְאוֹמִי.	לְכֶסֶף חָדָשׁ יֵשׁ יְכֹלֶת לְעִתִּים לְהַפְרִיעַ לְמִבְנִים חֶבְרָתִיִּים מָסׇרְתִּיִּים בְּעֶזְרַת עֹשֶׁר פִּתְאוֹמִי.	New money can sometimes disrupt traditional social structures with its sudden wealth.
יָכוֹל	לְסוֹכֵן סִפְרוּתִי יֵשׁ יְכֹלֶת רַבָּה לְהַגְדִּיל אֶת סִכּוּיֵי הַפִּרְסוּם שֶׁלְּךָ.	לְסוֹכֵן סִפְרוּתִי יֵשׁ יְכֹלֶת רַבָּה לְהַגְדִּיל אֶת סִכּוּיֵי הַפִּרְסוּם שֶׁלְּךָ.	Having a literary agent can greatly increase your chances of being published.
יָכוֹל	תֵּאוּרָהּ הַחַי מַעֲנִיק יְכֹלֶת לְצַיֵּר יָפֶה אֲפִלּוּ אֶת הָאֵרוּעִים הַפְּשׁוּטִים בְּיוֹתֵר.	תֵּאוּרָהּ הַחַי מַעֲנִיק יְכֹלֶת לְצַיֵּר יָפֶה אֲפִלּוּ אֶת הָאֵרוּעִים הַפְּשׁוּטִים בְּיוֹתֵר.	Her vivid narration can limn even the simplest of events beautifully.